muncode,year,yield_pred_ls
1001,2022,0.6142181
1002,2022,0.5924072
1003,2022,1.1960762
1004,2022,0.7028506
1005,2022,0.95410895
1006,2022,0.8913024
1007,2022,0.6382072
1008,2022,0.12719
1009,2022,0.6268476
1010,2022,0.32194948
1011,2022,0.9095049
2001,2022,1.0966933
2002,2022,1.3982252
2003,2022,0.99541306
2004,2022,0.8389094
2005,2022,0.7284107
3001,2022,2.7334447
3002,2022,0.9209345
3003,2022,0.7550067
3008,2022,1.0914457
3009,2022,0.8000859
4001,2022,3.1222188
4002,2022,3.1691468
4005,2022,3.199478
4008,2022,3.7663636
4003,2022,0.9814823
4004,2022,0.9779602
4006,2022,4.730585
4007,2022,1.1188258
4009,2022,0.5796832
4010,2022,0.98300076
4011,2022,1.2968993
5001,2022,0.84979546
5002,2022,0.84703153
5003,2022,0.8652337
5004,2022,0.70692563
5005,2022,0.63259125
5006,2022,0.24574041
5007,2022,1.1206467
5008,2022,0.73148346
5009,2022,2.0566149
5010,2022,0.9925019
5011,2022,0.67212224
5012,2022,1.1784042
5013,2022,0.52404547
5014,2022,0.98167056
5015,2022,0.6250038
5016,2022,0.738806
5017,2022,1.7710317
5018,2022,0.991658
5019,2022,1.1715019
5020,2022,0.9247713
5021,2022,1.0733168
5022,2022,1.2224976
5023,2022,0.7644173
5024,2022,0.9072755
5025,2022,1.6182634
5026,2022,0.22976649
5027,2022,1.125149
5028,2022,0.9564862
5029,2022,0.65838087
5030,2022,0.30880702
5031,2022,0.67234623
5032,2022,1.1646607
5033,2022,2.098247
5034,2022,0.7119349
5035,2022,1.5878742
5036,2022,0.7146404
5037,2022,0.97538954
5038,2022,1.347199
6003,2022,2.8655505
6008,2022,3.026733
6001,2022,2.2693198
6002,2022,2.9301434
6004,2022,2.476685
6005,2022,3.0416903
6006,2022,1.9382895
6007,2022,2.154972
6009,2022,1.8945667
6010,2022,2.216484
7001,2022,2.4961007
7002,2022,2.363467
7003,2022,1.7346812
7004,2022,2.2703264
7005,2022,1.3055742
7006,2022,1.9344716
7008,2022,2.0105486
7009,2022,1.3113087
7010,2022,1.2243671
7011,2022,2.2924829
7012,2022,1.6861953
7013,2022,1.0361068
7014,2022,1.123637
7015,2022,1.058238
7016,2022,1.3890471
7017,2022,2.8981545
7018,2022,1.434864
7019,2022,3.102158
7020,2022,1.7815088
7021,2022,1.3632247
7022,2022,1.1846259
7023,2022,1.2109997
7024,2022,1.164424
7026,2022,1.2695363
7027,2022,2.2545207
7007,2022,0.94341546
7025,2022,1.2197398
7028,2022,2.296233
7029,2022,1.6832056
7030,2022,3.4287553
7031,2022,1.2849715
7032,2022,2.1374974
7034,2022,2.594482
7035,2022,1.6270514
7036,2022,1.2777295
7037,2022,1.4545913
7038,2022,1.2639217
7039,2022,1.3619105
7040,2022,1.1134424
7041,2022,1.5921191
7042,2022,1.4931371
7044,2022,1.1307344
7046,2022,3.2431054
7047,2022,1.277612
7048,2022,1.3345493
7049,2022,1.5630575
7050,2022,1.7325629
7051,2022,1.900464
7052,2022,1.9112556
7053,2022,2.3844376
7055,2022,1.7032351
7056,2022,1.4889997
7033,2022,1.4463689
7043,2022,1.3223759
7045,2022,1.1210257
7057,2022,1.8070828
7058,2022,2.6118624
7061,2022,2.5444791
7062,2022,1.6939907
7063,2022,1.8417692
7064,2022,1.450486
7065,2022,1.4571507
7066,2022,1.4094381
7067,2022,1.2964092
7069,2022,2.1273825
7070,2022,1.6563034
7071,2022,1.5463212
7072,2022,1.483188
7073,2022,1.3749498
7074,2022,1.1750065
7076,2022,1.4747918
7077,2022,1.2484691
7079,2022,1.4448884
7080,2022,1.283016
7081,2022,1.4854602
7082,2022,1.241852
7083,2022,2.6424952
7085,2022,1.7264428
7086,2022,2.9092512
7087,2022,1.6966403
7054,2022,1.4729486
7059,2022,1.4581395
7068,2022,1.5072548
7075,2022,1.4784484
7092,2022,1.472532
7093,2022,1.2202462
7096,2022,1.3334163
7097,2022,2.1231532
7098,2022,2.7909834
7099,2022,4.419896
7100,2022,1.4074261
7101,2022,1.1075839
7102,2022,1.605952
7103,2022,1.2909296
7104,2022,2.6978831
7106,2022,3.1450763
7107,2022,1.9230628
7108,2022,2.754457
7109,2022,1.5458306
7110,2022,2.2945428
7112,2022,1.2478182
7114,2022,1.4046618
7115,2022,1.8455501
7116,2022,1.4426601
7117,2022,1.2208048
7118,2022,1.1851548
7078,2022,1.0659833
7084,2022,1.209636
7088,2022,1.5320522
7089,2022,2.0267704
7090,2022,1.4625919
7091,2022,1.3469341
7094,2022,2.0150905
7105,2022,0.98173344
7111,2022,1.9094957
7113,2022,1.3989551
7119,2022,1.4086154
8008,2022,1.1624224
8009,2022,0.6404699
8020,2022,1.7997578
8027,2022,0.4982128
8029,2022,1.5222521
8030,2022,1.2336411
8041,2022,1.0502386
8046,2022,1.7335278
8047,2022,1.6225576
8051,2022,0.6585636
8065,2022,0.96753603
8066,2022,0.7625208
8001,2022,1.2400664
8002,2022,1.5172647
8003,2022,1.1911651
8004,2022,1.496847
8005,2022,1.475204
8006,2022,1.8595402
8007,2022,0.7831049
8010,2022,2.0156975
8011,2022,1.4281245
8012,2022,0.34101224
8013,2022,1.7357824
8014,2022,2.3921459
8015,2022,1.4082297
8016,2022,1.4195268
8017,2022,3.2547212
8018,2022,0.93128014
8019,2022,1.095379
8021,2022,1.5594164
8022,2022,0.89830256
8023,2022,1.0941844
8024,2022,1.2046459
8025,2022,1.8840518
8026,2022,0.6835396
8028,2022,1.3677659
8031,2022,1.338499
8032,2022,1.020012
8033,2022,2.1981907
8034,2022,1.2392807
8035,2022,1.6849283
8036,2022,1.4047949
8037,2022,1.4284658
8038,2022,1.8391272
8039,2022,1.1677613
8040,2022,2.3258562
8042,2022,0.44113946
8043,2022,0.6059252
8044,2022,0.61129856
8045,2022,1.8137254
8048,2022,2.6267471
8049,2022,1.096668
8050,2022,2.0965862
8052,2022,1.4775493
8053,2022,2.5289216
8054,2022,2.9001508
8055,2022,2.0480037
8056,2022,1.15342
8057,2022,1.0515052
8058,2022,1.2065454
8059,2022,0.39141536
8060,2022,0.49078643
8061,2022,1.4625504
8062,2022,1.538395
8063,2022,0.740085
8064,2022,1.1377761
8067,2022,1.2086885
9004,2022,1.4451599
9008,2022,2.3885055
9009,2022,4.276814
9010,2022,1.782855
9011,2022,3.5007362
9012,2022,6.5166473
9013,2022,2.9693377
10019,2022,0.5080826
10023,2022,1.0595737
10026,2022,0.78630793
10034,2022,0.97338337
10001,2022,1.2135103
10002,2022,1.5323763
10003,2022,0.77421236
10004,2022,0.16505206
10005,2022,2.5112526
10006,2022,0.82578003
10007,2022,2.7680166
10008,2022,0.39053404
10009,2022,0.51966715
10010,2022,0.798711
10011,2022,0.40352476
10012,2022,1.5283939
10013,2022,0.8787733
10014,2022,0.8902757
10015,2022,1.4393939
10016,2022,1.8470821
10017,2022,0.67000246
10018,2022,0.6224797
10020,2022,0.9380756
10021,2022,0.3485508
10022,2022,2.6982234
10024,2022,1.2101245
10025,2022,0.80904675
10027,2022,0.25419307
10028,2022,0.8834321
10029,2022,0.87905824
10030,2022,0.8614276
10031,2022,0.5645304
10032,2022,1.1795554
10033,2022,0.98022276
10035,2022,0.74011123
10036,2022,1.7097795
10037,2022,1.4636722
10038,2022,0.65133035
10039,2022,1.078072
11006,2022,0.6493734
11040,2022,0.7154063
11045,2022,0.6942954
11001,2022,1.3618431
11002,2022,6.636893
11003,2022,0.63534164
11004,2022,1.0313377
11005,2022,1.2954606
11007,2022,1.9258198
11008,2022,8.364277
11009,2022,1.0601457
11010,2022,1.269358
11011,2022,0.68895817
11012,2022,1.3514647
11013,2022,0.75050247
11014,2022,0.48771477
11015,2022,0.91280663
11016,2022,1.3461733
11017,2022,1.1928594
11018,2022,1.5552573
11019,2022,1.8103591
11020,2022,5.409027
11021,2022,2.9655461
11022,2022,0.15318382
11023,2022,2.3589268
11024,2022,2.2109632
11025,2022,2.6126838
11026,2022,5.855405
11027,2022,1.231315
11028,2022,1.6964203
11029,2022,0.37086654
11030,2022,0.49211717
11031,2022,1.8761901
11032,2022,0.8853917
11033,2022,0.3167082
11034,2022,0.81527954
11035,2022,1.4348857
11036,2022,4.1539764
11037,2022,4.2380004
11038,2022,3.9094288
11039,2022,3.0139146
11041,2022,2.5905457
11042,2022,1.054279
11043,2022,0.56696737
11044,2022,1.5544863
11046,2022,7.2421293
12002,2022,2.2144306
12004,2022,2.456032
12006,2022,2.999187
12008,2022,1.5946239
12011,2022,2.2176619
12012,2022,1.7176154
12013,2022,1.2025648
12015,2022,3.1261687
12016,2022,3.0827913
12017,2022,2.6965096
12019,2022,2.9547625
12020,2022,2.173257
12021,2022,2.1156015
12024,2022,2.5101943
12025,2022,1.3253418
12026,2022,2.8259463
12028,2022,1.7393354
12029,2022,2.6610656
12031,2022,3.4504564
12032,2022,3.3048615
12034,2022,2.7571805
12035,2022,3.2224019
12036,2022,1.5276539
12037,2022,1.905338
12038,2022,1.2834923
12001,2022,2.2253947
12003,2022,2.2224107
12005,2022,1.1205275
12007,2022,2.8515034
12010,2022,1.5440967
12014,2022,1.2539226
12018,2022,3.1509192
12022,2022,2.737956
12023,2022,2.2808225
12039,2022,3.1908832
12040,2022,2.3684397
12041,2022,2.5404499
12042,2022,2.8692079
12043,2022,1.6006548
12044,2022,2.7347784
12045,2022,2.4027443
12046,2022,2.7589693
12047,2022,3.7482958
12048,2022,2.0757997
12049,2022,3.2234197
12051,2022,2.645057
12052,2022,2.6827774
12055,2022,2.511056
12056,2022,1.8925713
12057,2022,2.8363647
12058,2022,3.228702
12059,2022,2.1029987
12060,2022,2.8001068
12061,2022,2.9523811
12062,2022,2.653376
12065,2022,2.5036087
12068,2022,1.599225
12071,2022,1.2239707
12074,2022,2.1562634
12027,2022,2.4225895
12030,2022,2.1776514
12033,2022,1.9491786
12050,2022,2.8092103
12075,2022,4.0995255
12077,2022,1.2949275
12078,2022,1.3005782
12079,2022,2.763931
12080,2022,1.7581184
12053,2022,2.2708895
12054,2022,2.5182233
12063,2022,2.111676
12064,2022,2.8717418
12066,2022,1.8307424
12067,2022,1.9820595
12069,2022,1.4798151
12070,2022,2.1858792
12072,2022,2.2900171
12073,2022,2.0329614
12076,2022,2.6629922
13004,2022,0.906038
13011,2022,0.8197835
13014,2022,1.4739217
13025,2022,0.63783467
13026,2022,1.3317376
13027,2022,1.5060103
13028,2022,1.0629414
13034,2022,1.7944803
13040,2022,1.9296476
13042,2022,2.036436
13045,2022,1.2601523
13046,2022,1.3828576
13049,2022,1.1690181
13053,2022,1.3002623
13060,2022,1.3247184
13062,2022,2.0818918
13068,2022,1.2979648
13073,2022,1.7604318
13078,2022,0.55496705
13079,2022,1.2990615
13080,2022,1.1522496
13001,2022,0.82034653
13002,2022,1.4184563
13003,2022,0.91696745
13005,2022,1.927906
13006,2022,0.9357015
13007,2022,3.8640327
13008,2022,2.6469145
13009,2022,0.7205131
13010,2022,1.6173011
13012,2022,1.1319802
13013,2022,1.0758556
13015,2022,1.1700253
13016,2022,1.5870756
13017,2022,1.061877
13018,2022,1.6623294
13019,2022,1.7871703
13020,2022,1.6800445
13021,2022,0.62327206
13022,2022,0.4905764
13023,2022,1.7733245
13024,2022,0.89419144
13029,2022,0.85585886
13030,2022,1.9674984
13031,2022,2.7056806
13032,2022,1.1170397
13033,2022,2.747864
13035,2022,0.9486536
13036,2022,0.96344846
13037,2022,0.8844564
13038,2022,0.8166513
13039,2022,0.77520454
13041,2022,1.3741276
13043,2022,1.9507407
13044,2022,1.1983473
13047,2022,1.2095509
13048,2022,0.5353904
13050,2022,1.7210038
13051,2022,0.8955832
13052,2022,0.57449985
13054,2022,1.9495481
13055,2022,1.0282767
13056,2022,1.2259252
13057,2022,3.0233612
13058,2022,1.3132436
13059,2022,0.63854206
13061,2022,0.92266786
13063,2022,0.8224446
13064,2022,0.9239263
13065,2022,1.932215
13066,2022,0.61146545
13067,2022,1.3582399
13069,2022,0.39710867
13070,2022,1.2226951
13071,2022,1.9412913
13072,2022,0.76604533
13074,2022,1.474847
13075,2022,0.3777789
13076,2022,0.86106825
13077,2022,1.1154499
13081,2022,0.7645103
13082,2022,0.54032207
13083,2022,0.590302
13084,2022,0.6046226
14002,2022,5.8249454
14003,2022,6.6370654
14005,2022,1.5614971
14006,2022,7.4756002
14007,2022,8.052984
14008,2022,9.253692
14009,2022,7.6630397
14010,2022,3.6831272
14011,2022,4.819602
14012,2022,4.7989855
14013,2022,8.841251
14017,2022,6.11848
14024,2022,7.5023665
14001,2022,7.631863
14004,2022,1.2094388
14014,2022,3.5169203
14015,2022,1.7855284
14016,2022,8.715115
14018,2022,5.4321575
14019,2022,1.7469125
14020,2022,1.9232135
14021,2022,2.430015
14022,2022,1.1400042
14023,2022,2.5877154
14025,2022,4.257942
15007,2022,2.4706936
15008,2022,2.7948482
15009,2022,2.9367843
15015,2022,3.375488
15017,2022,3.205391
15018,2022,4.5850105
15019,2022,4.5371246
15022,2022,3.3160968
15032,2022,3.5180821
15034,2022,2.7921052
15037,2022,0.8459998
15041,2022,3.3278394
15049,2022,2.5841818
15052,2022,3.06469
15054,2022,4.5203247
15062,2022,3.4786854
15066,2022,3.489005
15068,2022,6.3643074
15072,2022,5.734992
15073,2022,4.7541895
15077,2022,2.5313535
15078,2022,2.8556101
15080,2022,1.310096
15082,2022,2.8001003
15083,2022,2.617961
15001,2022,0.8395917
15002,2022,0.8736425
15003,2022,0.7112657
15004,2022,1.7381924
15005,2022,2.7163599
15006,2022,3.3660665
15010,2022,0.92462564
15011,2022,1.1802835
15012,2022,3.6746902
15013,2022,0.91666096
15014,2022,1.0576924
15016,2022,0.87489516
15020,2022,1.9999008
15021,2022,3.0445085
15023,2022,1.1861436
15024,2022,1.4503067
15025,2022,2.683531
15086,2022,2.918652
15089,2022,3.4369318
15090,2022,3.763925
15098,2022,3.9517646
15101,2022,4.3333416
15103,2022,3.587943
15105,2022,2.2511573
15111,2022,4.7888966
15113,2022,3.3144927
15116,2022,4.1706777
15117,2022,2.8706496
15123,2022,2.642597
15124,2022,3.2331107
15026,2022,0.84981006
15027,2022,3.7094264
15028,2022,0.927786
15029,2022,1.6727551
15030,2022,1.3152404
15031,2022,0.73070955
15033,2022,1.0765197
15035,2022,0.7227962
15036,2022,0.71400666
15038,2022,1.1361175
15039,2022,1.7319485
15040,2022,3.9383314
15042,2022,1.8405102
15043,2022,5.688195
15045,2022,1.0136697
15046,2022,1.1824114
15047,2022,1.6228448
15048,2022,1.6342494
15050,2022,4.768553
15051,2022,4.55256
15053,2022,3.0173104
15055,2022,5.1264486
15056,2022,1.5369446
15057,2022,0.9926173
15059,2022,1.4917701
15060,2022,0.59418297
15061,2022,0.8157619
15063,2022,2.3601694
15064,2022,0.7423512
15065,2022,0.91202915
15067,2022,2.9269052
15069,2022,2.453428
15070,2022,0.9411389
15071,2022,1.2992336
15074,2022,1.3223898
15075,2022,1.2277685
15076,2022,2.4544368
15079,2022,1.1219792
15081,2022,0.74909747
15084,2022,0.7484983
15085,2022,1.3681854
15087,2022,3.5672598
15088,2022,3.063962
15091,2022,1.7842351
15092,2022,1.0646397
15093,2022,0.7621621
15094,2022,5.868393
15095,2022,0.7451241
15096,2022,0.99461275
15097,2022,1.9568523
15099,2022,3.046205
15100,2022,1.1694424
15102,2022,1.0019292
15104,2022,1.2044504
15106,2022,3.3545823
15107,2022,4.9115987
15108,2022,2.0162868
15109,2022,0.8140629
15110,2022,2.5331104
15112,2022,1.6338277
15114,2022,3.543634
15115,2022,2.654101
15118,2022,3.8955603
15119,2022,3.7109165
15120,2022,0.6461021
15121,2022,0.6209698
15122,2022,3.816289
15125,2022,3.8479118
16002,2022,2.2095373
16005,2022,2.6668696
16007,2022,3.29808
16008,2022,1.4333119
16009,2022,2.6624885
16010,2022,1.8303572
16013,2022,2.8398027
16015,2022,2.8890762
16019,2022,2.9536705
16021,2022,2.9791796
16024,2022,2.9386911
16025,2022,2.2907543
16026,2022,2.4344187
16029,2022,1.4183606
16032,2022,3.2181149
16035,2022,0.61361706
16039,2022,4.638601
16048,2022,3.6791656
16051,2022,5.4782615
16052,2022,1.9011487
16056,2022,2.6347876
16057,2022,2.5283842
16058,2022,1.2674491
16061,2022,2.954687
16065,2022,2.61521
16001,2022,3.0977101
16003,2022,2.675523
16004,2022,5.2131987
16006,2022,2.078738
16011,2022,1.1785417
16012,2022,1.58349
16014,2022,1.2168562
16016,2022,3.7083516
16017,2022,0.94564116
16018,2022,2.2823536
16020,2022,2.5282383
16022,2022,3.4426298
16023,2022,5.9563193
16066,2022,2.9961638
16068,2022,2.8742373
16070,2022,2.452543
16073,2022,4.379236
16075,2022,2.8354135
16079,2022,3.563899
16081,2022,2.561232
16082,2022,2.7630498
16083,2022,1.5855658
16087,2022,3.4552636
16090,2022,1.5982127
16091,2022,3.0382867
16092,2022,2.5419407
16095,2022,3.6276484
16096,2022,1.137531
16097,2022,3.3057165
16099,2022,2.4925294
16101,2022,2.792974
16102,2022,1.644685
16111,2022,1.3962526
16112,2022,2.6526208
16027,2022,2.8309517
16028,2022,6.4981856
16030,2022,5.5229692
16031,2022,0.596779
16033,2022,1.3720173
16034,2022,2.5970182
16036,2022,2.9896016
16037,2022,3.5579176
16038,2022,2.2192569
16040,2022,4.1679754
16041,2022,1.5155643
16042,2022,3.4328585
16043,2022,1.7756852
16044,2022,4.206134
16045,2022,5.9640827
16046,2022,2.617662
16047,2022,2.7279153
16049,2022,2.5689626
16050,2022,1.0793428
16053,2022,2.1387057
16054,2022,3.2894528
16055,2022,1.645261
16059,2022,2.1695979
16060,2022,2.9286594
16062,2022,1.4228233
16063,2022,3.1102223
16064,2022,1.3505132
16067,2022,6.9001365
16069,2022,8.299744
16071,2022,5.416396
16072,2022,3.7980058
16074,2022,3.2292538
16076,2022,5.4277306
16077,2022,2.3239584
16078,2022,5.9032507
16080,2022,1.3435574
16084,2022,3.4507477
16085,2022,2.6067355
16086,2022,2.747865
16088,2022,2.7789953
16089,2022,1.9974891
16093,2022,1.4464039
16094,2022,2.545375
16098,2022,2.8628943
16100,2022,3.245851
16103,2022,3.0050683
16104,2022,5.9233265
16105,2022,1.53835
16106,2022,1.6983538
16107,2022,3.345996
16108,2022,3.2846365
16109,2022,6.7663054
16110,2022,3.4220219
16113,2022,1.0942993
17016,2022,3.10636
17020,2022,4.573964
17022,2022,2.810874
17001,2022,3.0086975
17002,2022,4.011133
17003,2022,2.9783685
17004,2022,3.4600224
17005,2022,3.0752378
17006,2022,3.6269484
17007,2022,3.5509276
17008,2022,3.6552691
17009,2022,5.2616367
17010,2022,5.509305
17011,2022,1.0152099
17012,2022,3.749885
17013,2022,5.630182
17014,2022,2.951379
17015,2022,2.2915828
17017,2022,2.2093735
17018,2022,4.8253584
17019,2022,4.156521
17021,2022,2.2456799
17023,2022,3.0654602
17024,2022,1.6240689
17025,2022,2.3204918
17026,2022,4.686316
17027,2022,5.0271053
17028,2022,2.4311235
17029,2022,5.69875
17030,2022,4.825582
17031,2022,1.5051353
17032,2022,6.596629
17033,2022,4.2762613
18001,2022,2.6326435
18004,2022,4.8614635
18005,2022,2.4779735
18006,2022,6.1890745
18007,2022,4.031707
18008,2022,2.6694818
18009,2022,1.8589185
18013,2022,6.8318815
18014,2022,5.7118616
18017,2022,2.8207827
18019,2022,4.8804636
18002,2022,5.425933
18003,2022,4.4587803
18010,2022,2.9567032
18011,2022,2.654328
18012,2022,1.1323614
18015,2022,2.0055904
18016,2022,1.2004526
18018,2022,1.5845667
18020,2022,2.9189777
19036,2022,0.0837332
19001,2022,0.70504165
19002,2022,0.878512
19003,2022,0.98846084
19004,2022,0.88574415
19005,2022,0.31679797
19006,2022,1.0495168
19007,2022,0.96340895
19008,2022,0.64186645
19009,2022,0.86602706
19010,2022,0.68369937
19011,2022,0.91919357
19012,2022,0.8063305
19013,2022,0.67440057
19014,2022,-0.117005706
19015,2022,1.3401095
19016,2022,0.8364542
19017,2022,0.44770086
19018,2022,0.7455162
19020,2022,0.59226894
19021,2022,1.1844425
19022,2022,0.68888223
19023,2022,1.0389533
19024,2022,1.1250377
19025,2022,0.7711117
19026,2022,0.8969447
19027,2022,0.76759875
19028,2022,1.0324539
19029,2022,1.146261
19030,2022,0.4983517
19031,2022,1.5570521
19032,2022,0.6693088
19033,2022,0.7583556
19034,2022,0.8494361
19035,2022,0.74517024
19037,2022,0.42546868
19038,2022,0.9681958
19039,2022,1.3135557
19040,2022,0.6020193
19041,2022,1.301694
19042,2022,0.65840364
19043,2022,0.9245991
19044,2022,0.634483
19045,2022,0.75976956
19047,2022,0.8414694
19048,2022,0.8571054
19049,2022,0.9190916
19050,2022,0.73642254
19051,2022,0.65158486
20002,2022,1.4320358
20009,2022,1.7506071
20010,2022,1.2747617
20012,2022,1.3133146
20014,2022,0.8203505
20016,2022,2.032944
20017,2022,0.64628804
20025,2022,1.8274591
20031,2022,0.9628356
20036,2022,1.570349
20037,2022,1.1806867
20040,2022,1.1081383
20041,2022,1.2069556
20044,2022,2.2688189
20052,2022,0.7550895
20057,2022,2.396488
20064,2022,1.3658345
20069,2022,0.94821006
20070,2022,1.197917
20073,2022,1.9617664
20075,2022,1.261153
20082,2022,2.3481593
20085,2022,0.9723652
20089,2022,1.0094993
20098,2022,1.081296
20001,2022,0.7706096
20003,2022,1.2282307
20005,2022,2.9885826
20006,2022,0.8864059
20007,2022,3.0674536
20008,2022,1.408273
20011,2022,0.9343261
20013,2022,1.6077858
20015,2022,0.8267328
20018,2022,0.72088385
20019,2022,1.5348921
20020,2022,1.621825
20021,2022,2.3710318
20022,2022,0.59582007
20023,2022,0.83490145
20024,2022,1.3730352
20026,2022,0.8308456
20262,2022,1.6952585
20263,2022,1.1363869
20264,2022,0.7735884
20265,2022,2.6532283
20266,2022,0.662498
20267,2022,1.0885631
20268,2022,2.594628
20269,2022,1.1444147
20270,2022,0.67348146
20271,2022,1.1688025
20273,2022,2.4934864
20274,2022,1.052207
20275,2022,1.1242054
20276,2022,1.6228898
20277,2022,2.050101
20278,2022,0.95535064
20279,2022,1.4370956
20280,2022,1.014493
20281,2022,0.9325317
20283,2022,1.0132693
20284,2022,0.90856826
20285,2022,1.5609391
20286,2022,1.3799083
20287,2022,0.80834883
20288,2022,1.1956019
20289,2022,0.8772012
20290,2022,1.0969176
20291,2022,1.1186261
20292,2022,2.1166067
20293,2022,1.5992565
20294,2022,0.7433646
20295,2022,0.8701215
20296,2022,1.3426723
20297,2022,0.950694
20298,2022,0.8081161
20299,2022,0.8874773
20300,2022,1.5220901
20301,2022,3.4779482
20302,2022,2.9770741
20303,2022,0.92349726
20304,2022,0.8527048
20305,2022,1.102196
20306,2022,1.0547547
20307,2022,2.4053118
20308,2022,1.7354723
20309,2022,1.0946561
20310,2022,0.77052116
20311,2022,0.7469288
20312,2022,2.1785004
20313,2022,0.7874527
20314,2022,2.381831
20315,2022,2.159417
20316,2022,1.123053
20317,2022,1.0472559
20318,2022,1.3342587
20320,2022,1.010076
20322,2022,0.76775813
20324,2022,1.0074728
20325,2022,0.94051003
20326,2022,1.4074624
20327,2022,3.1898704
20328,2022,1.0146011
20329,2022,0.9962828
20330,2022,1.080689
20331,2022,0.71853256
20332,2022,0.8091324
20333,2022,1.3065672
20334,2022,1.8684909
20335,2022,0.9952678
20336,2022,1.3932275
20337,2022,0.93162614
20338,2022,1.549831
20339,2022,0.6787492
20340,2022,0.74762464
20341,2022,0.5227606
20342,2022,1.6847504
20343,2022,2.2821376
20344,2022,1.0201025
20345,2022,1.9205608
20346,2022,2.0544174
20347,2022,0.82478106
20348,2022,1.3122594
20349,2022,2.0913699
20350,2022,1.6400754
20351,2022,0.68769324
20352,2022,1.0143046
20353,2022,0.73123085
20354,2022,1.0240116
20355,2022,0.553977
20356,2022,1.0833814
20357,2022,0.40455306
20358,2022,1.3945999
20359,2022,0.5303421
20360,2022,1.9688514
20361,2022,1.2810321
20362,2022,0.7473302
20363,2022,0.8606856
20364,2022,1.2599428
20365,2022,2.1485915
20366,2022,1.2253983
20367,2022,1.4674777
20368,2022,0.85342544
20369,2022,1.8648496
20370,2022,0.68195796
20371,2022,1.017657
20372,2022,0.79172623
20373,2022,0.9545312
20374,2022,0.7372426
20376,2022,1.2373073
20377,2022,1.4398654
20378,2022,1.1568652
20379,2022,1.2720181
20380,2022,0.9396909
20381,2022,1.7543485
20382,2022,1.1230841
20383,2022,0.6732048
20384,2022,0.77653277
20385,2022,2.7228594
20386,2022,2.0620556
20387,2022,1.0880497
20388,2022,0.7055638
20389,2022,1.5144713
20390,2022,1.7762975
20391,2022,1.1260889
20392,2022,0.64930797
20393,2022,1.3885632
20394,2022,0.9158126
20395,2022,0.91808486
20396,2022,0.74302495
20397,2022,0.862619
20398,2022,1.0372136
20399,2022,1.2464483
20400,2022,1.1144674
20401,2022,1.2624549
20402,2022,1.4314963
20403,2022,3.5574448
20404,2022,0.6278901
20405,2022,1.0488133
20406,2022,1.1800678
20407,2022,1.6334305
20408,2022,1.0746944
20409,2022,1.2360299
20410,2022,1.6629578
20411,2022,1.5581746
20412,2022,1.4028573
20413,2022,1.0556917
20414,2022,3.5332673
20415,2022,1.4588283
20416,2022,0.7488948
20417,2022,1.253915
20418,2022,0.6259872
20419,2022,1.3384814
20420,2022,2.1166775
20421,2022,0.83873135
20422,2022,0.5114747
20423,2022,0.8910822
20424,2022,1.078949
20425,2022,1.6430111
20426,2022,1.3546551
20427,2022,1.2700093
20428,2022,1.4011878
20429,2022,1.8862256
20430,2022,1.1192257
20431,2022,0.9452341
20432,2022,0.9889957
20433,2022,1.2046322
20434,2022,0.9134252
20435,2022,1.1187516
20436,2022,1.0302022
20437,2022,1.2728149
20438,2022,1.172022
20439,2022,1.2598746
20440,2022,0.8831321
20441,2022,1.8091164
20443,2022,1.265832
20445,2022,0.8020572
20446,2022,1.0737174
20447,2022,1.9986953
20448,2022,0.98159426
20449,2022,0.9755026
20450,2022,3.0022733
20451,2022,0.70778334
20452,2022,2.914751
20453,2022,2.139586
20454,2022,0.7623608
20455,2022,0.4904145
20456,2022,1.0341225
20457,2022,1.9576453
20458,2022,1.7532115
20459,2022,0.42216587
20460,2022,1.0844656
20461,2022,2.7920089
20462,2022,1.245106
20463,2022,0.88871557
20464,2022,0.6595473
20465,2022,0.90577
20466,2022,1.2783245
20467,2022,2.2055025
20468,2022,2.1581235
20469,2022,2.1348624
20470,2022,1.9107207
20471,2022,1.2372049
20472,2022,1.0560575
20473,2022,1.2702652
20474,2022,2.7944715
20475,2022,0.90127873
20476,2022,1.0913553
20477,2022,2.3420596
20478,2022,0.92669237
20480,2022,1.0578768
20481,2022,2.0885673
20482,2022,2.3175602
20483,2022,0.85067725
20484,2022,2.4629645
20485,2022,1.2025087
20486,2022,0.77960944
20487,2022,1.5158075
20488,2022,1.016877
20489,2022,1.5599037
20490,2022,1.8730183
20491,2022,1.3504976
20492,2022,0.6946976
20493,2022,0.5143459
20494,2022,1.5262563
20495,2022,0.77616966
20496,2022,1.0501127
20498,2022,3.0250456
20499,2022,0.865151
20500,2022,2.1318643
20501,2022,2.4841943
20502,2022,1.5318248
20503,2022,1.8856348
20504,2022,1.1313174
20505,2022,1.7667235
20506,2022,1.211927
20507,2022,1.3594542
20508,2022,1.0429639
20509,2022,1.268297
20510,2022,1.4284586
20511,2022,1.2688918
20512,2022,1.1837295
20513,2022,1.2257328
20514,2022,1.3649119
20515,2022,0.65328324
20516,2022,1.8374535
20517,2022,2.1809416
20518,2022,0.9679724
20519,2022,1.3781562
20520,2022,1.4637135
20522,2022,0.46897936
20105,2022,1.1822066
20124,2022,1.4148352
20125,2022,1.7991619
20130,2022,0.9292151
20133,2022,0.801562
20134,2022,1.1156981
20136,2022,1.0885137
20137,2022,1.7601473
20141,2022,1.1224029
20143,2022,1.0207664
20153,2022,1.0171626
20158,2022,2.2107525
20159,2022,1.372899
20161,2022,0.8396694
20162,2022,0.9972212
20171,2022,0.87982404
20184,2022,1.6567531
20185,2022,1.4332193
20187,2022,1.2068043
20188,2022,1.1791186
20190,2022,1.9808761
20198,2022,2.13206
20205,2022,1.4874382
20207,2022,1.561842
20217,2022,1.5213621
20028,2022,1.2480955
20029,2022,1.4009957
20030,2022,1.4787393
20032,2022,1.2008635
20033,2022,1.5457634
20034,2022,1.3230944
20035,2022,1.5172594
20038,2022,1.2257895
20039,2022,0.6906636
20042,2022,1.4854524
20043,2022,1.6389828
20045,2022,1.2012274
20046,2022,0.86480325
20049,2022,1.5346297
20050,2022,0.65197706
20051,2022,1.2583828
20053,2022,1.0576965
20054,2022,0.5188482
20523,2022,0.6437136
20525,2022,1.5118161
20526,2022,1.241432
20528,2022,1.0592263
20529,2022,0.9966943
20530,2022,0.98582053
20531,2022,0.7654613
20532,2022,0.72395766
20533,2022,0.9917708
20534,2022,1.2239
20535,2022,2.6266317
20536,2022,0.7535572
20537,2022,1.8816302
20538,2022,0.7437526
20539,2022,0.58407354
20540,2022,1.2158546
20541,2022,0.92376935
20542,2022,2.2254195
20543,2022,1.4884716
20544,2022,0.9493855
20545,2022,1.1507612
20546,2022,0.9075076
20547,2022,0.9951053
20548,2022,0.48155606
20549,2022,1.0088995
20550,2022,0.93651575
20551,2022,0.8433084
20552,2022,0.6445857
20553,2022,1.11936
20554,2022,1.5152382
20555,2022,0.75689757
20556,2022,0.86526513
20557,2022,1.2827338
20558,2022,1.0134585
20559,2022,1.1100326
20560,2022,0.84827065
20561,2022,0.7282039
20562,2022,0.63584006
20563,2022,0.9295105
20564,2022,0.8729147
20565,2022,1.3469641
20566,2022,2.7719307
20567,2022,0.8356843
20568,2022,0.6212536
20570,2022,0.4484769
20225,2022,1.4249254
20232,2022,2.762289
20234,2022,0.9642908
20235,2022,0.777583
20242,2022,1.34251
20254,2022,1.3092713
20261,2022,0.5244621
20055,2022,1.566447
20056,2022,2.7059083
20058,2022,2.469129
20059,2022,0.72484267
20060,2022,1.8729635
20061,2022,0.66481566
20063,2022,1.6918875
20065,2022,1.032317
20066,2022,2.017073
20067,2022,1.4007199
20068,2022,1.6419415
20071,2022,1.2580428
20072,2022,1.168942
20074,2022,0.97053415
20076,2022,2.2365942
20077,2022,1.8648467
20078,2022,0.75042
20079,2022,0.64887476
20080,2022,2.0628881
20081,2022,1.6667249
20083,2022,1.1483591
20084,2022,1.4676803
20086,2022,0.96132773
20087,2022,1.2723105
20088,2022,1.5293438
20090,2022,1.5957181
20091,2022,1.1775185
20092,2022,0.910771
20093,2022,0.72562754
20094,2022,1.0793204
20095,2022,1.0584034
20096,2022,0.4537208
20097,2022,1.1562749
20099,2022,1.1571124
20100,2022,1.427197
20101,2022,1.7138481
20102,2022,0.8393284
20103,2022,1.2903996
20104,2022,1.2950767
20106,2022,0.7997877
20107,2022,1.5925629
20108,2022,1.2560155
20109,2022,0.81905913
20110,2022,0.7546848
20111,2022,1.651049
20112,2022,1.1138327
20113,2022,1.1977708
20114,2022,0.5919117
20115,2022,3.4074454
20116,2022,1.2292395
20117,2022,1.2875919
20118,2022,0.9709922
20119,2022,0.9231765
20120,2022,1.2420921
20121,2022,0.73338246
20122,2022,1.4251013
20123,2022,1.0951953
20126,2022,0.70568347
20127,2022,0.7578832
20128,2022,1.8767309
20129,2022,0.68851006
20131,2022,1.052977
20132,2022,0.8727373
20135,2022,0.733194
20138,2022,1.8957479
20139,2022,1.1263474
20140,2022,0.59835255
20142,2022,1.188823
20144,2022,0.85598546
20145,2022,0.8943074
20146,2022,0.5072664
20147,2022,0.5399519
20149,2022,1.0219707
20150,2022,1.2132896
20152,2022,2.035955
20154,2022,0.59317744
20155,2022,1.5996224
20156,2022,1.3735265
20160,2022,2.3477745
20163,2022,0.73334754
20164,2022,1.9580693
20165,2022,1.206239
20166,2022,1.1709388
20167,2022,0.7896342
20168,2022,1.3529223
20169,2022,1.0319077
20170,2022,0.67740154
20172,2022,1.2134148
20173,2022,1.7714345
20174,2022,2.7336886
20175,2022,2.055493
20176,2022,0.72618973
20177,2022,1.7282004
20178,2022,1.2774944
20179,2022,2.0542321
20180,2022,4.5287714
20181,2022,0.97427917
20182,2022,1.3402283
20183,2022,1.1946536
20186,2022,1.0999283
20189,2022,0.71962905
20191,2022,0.92756444
20192,2022,1.318934
20193,2022,0.9465794
20195,2022,0.75284874
20196,2022,1.7481316
20197,2022,0.79133904
20199,2022,2.2886598
20200,2022,1.0227101
20201,2022,1.345003
20202,2022,1.3388288
20203,2022,0.8530778
20204,2022,1.3921201
20206,2022,1.0876722
20208,2022,1.5487199
20210,2022,0.9495315
20211,2022,1.265578
20213,2022,1.1724634
20214,2022,1.4681587
20215,2022,0.62285423
20216,2022,1.1603997
20218,2022,0.7294059
20219,2022,1.1934714
20220,2022,2.2759464
20221,2022,0.65939915
20222,2022,1.2098815
20223,2022,1.2465768
20224,2022,0.5670974
20226,2022,1.0233955
20227,2022,1.0209944
20228,2022,0.73047876
20229,2022,1.6189244
20230,2022,1.4433727
20233,2022,0.9574496
20236,2022,0.90696454
20237,2022,1.7568842
20238,2022,1.1701148
20239,2022,0.8518827
20240,2022,1.2035356
20241,2022,1.490917
20243,2022,0.8726764
20244,2022,0.8021486
20245,2022,1.4150951
20246,2022,0.91588306
20247,2022,1.4306359
20248,2022,0.6655626
20249,2022,1.1945622
20250,2022,0.49649024
20251,2022,3.2617755
20252,2022,0.5822511
20253,2022,1.241312
20255,2022,2.9760942
20256,2022,0.63483036
20257,2022,1.5016452
20258,2022,0.71131146
20259,2022,1.1497211
20260,2022,1.9590342
21001,2022,2.5452495
21002,2022,1.5800873
21003,2022,0.8544802
21006,2022,1.3857334
21007,2022,0.7622198
21009,2022,1.1988134
21015,2022,2.6430712
21017,2022,1.1286373
21023,2022,2.9252439
21025,2022,1.3524684
21032,2022,1.9995031
21036,2022,1.9571259
21039,2022,0.5798502
21042,2022,0.62967753
21043,2022,1.4420532
21047,2022,1.582936
21049,2022,1.3099407
21050,2022,0.68037057
21054,2022,1.8056773
21055,2022,0.64962053
21056,2022,2.4015
21057,2022,1.86962
21058,2022,1.2963834
21059,2022,0.827645
21061,2022,0.66563344
21004,2022,3.9956293
21005,2022,6.3376245
21008,2022,1.657865
21010,2022,1.3538433
21012,2022,2.6972768
21013,2022,0.61633384
21014,2022,1.5350139
21016,2022,1.3131436
21018,2022,0.61103773
21019,2022,2.888061
21020,2022,1.9692739
21021,2022,1.2548722
21022,2022,5.182781
21024,2022,1.2494581
21026,2022,3.5968442
21064,2022,1.6843219
21066,2022,0.92402816
21070,2022,0.8616495
21071,2022,1.3632314
21072,2022,0.85681796
21073,2022,2.1906178
21074,2022,3.7561955
21075,2022,1.6444447
21076,2022,1.2260511
21077,2022,1.2307924
21078,2022,1.1252793
21081,2022,2.0071073
21086,2022,0.9184242
21087,2022,1.808347
21088,2022,1.0842899
21089,2022,0.92556167
21100,2022,1.5303591
21101,2022,1.4055536
21103,2022,0.84545666
21107,2022,1.1795459
21109,2022,1.1689444
21111,2022,0.82630473
21112,2022,0.9668606
21113,2022,1.5758523
21116,2022,1.1505494
21027,2022,0.53956926
21028,2022,1.1831274
21029,2022,1.3528023
21030,2022,1.0779513
21031,2022,2.4751852
21033,2022,6.1722713
21034,2022,2.8675416
21035,2022,0.523322
21037,2022,0.7838986
21038,2022,2.0130334
21040,2022,0.89638025
21041,2022,3.2195094
21044,2022,5.1846275
21045,2022,3.3811533
21046,2022,1.0552342
21048,2022,3.4525537
21051,2022,1.9045596
21130,2022,2.5688944
21135,2022,1.890674
21138,2022,2.8997831
21139,2022,0.66187215
21141,2022,0.75898993
21145,2022,1.2107077
21147,2022,0.49450374
21152,2022,3.6449363
21155,2022,1.4414274
21157,2022,0.5271741
21158,2022,2.549763
21160,2022,1.6003937
21163,2022,1.5193915
21167,2022,1.1513555
21173,2022,1.542338
21174,2022,1.6953143
21178,2022,1.2769625
21181,2022,2.2976952
21183,2022,1.2975113
21186,2022,1.5795808
21191,2022,1.8761743
21192,2022,1.1581242
21193,2022,0.66510177
21194,2022,0.85464984
21195,2022,0.9653519
21052,2022,1.1723628
21053,2022,1.6728588
21060,2022,3.410916
21062,2022,3.9917371
21063,2022,2.4236042
21065,2022,3.3814316
21067,2022,1.4691472
21068,2022,1.2150152
21069,2022,2.5888658
21197,2022,1.2017654
21198,2022,1.3555143
21199,2022,1.4074066
21200,2022,1.1672873
21202,2022,1.3008901
21204,2022,1.2114967
21207,2022,1.9334755
21210,2022,1.0744758
21211,2022,2.1408014
21212,2022,1.2902632
21213,2022,0.70510435
21217,2022,1.3637197
21079,2022,0.8529012
21080,2022,1.2411344
21082,2022,0.7303524
21083,2022,1.2941425
21084,2022,1.4102315
21085,2022,1.3186127
21090,2022,3.47571
21091,2022,1.3261546
21092,2022,0.6352664
21093,2022,1.4158376
21094,2022,2.3456535
21095,2022,0.64371264
21096,2022,3.5878954
21097,2022,1.6741446
21098,2022,1.0036607
21099,2022,1.4212168
21102,2022,4.078291
21104,2022,3.1088152
21105,2022,4.1080093
21106,2022,3.4310226
21108,2022,1.926531
21110,2022,1.8206959
21114,2022,2.0734296
21115,2022,2.4255588
21118,2022,3.6469808
21119,2022,3.0891418
21120,2022,1.0182495
21121,2022,1.2781858
21122,2022,2.5789337
21123,2022,1.1032507
21124,2022,0.75768447
21125,2022,1.949359
21126,2022,4.0943165
21127,2022,0.7059474
21128,2022,2.2016315
21129,2022,0.4836502
21131,2022,0.7304901
21132,2022,2.1675968
21133,2022,1.2320368
21134,2022,3.5150502
21136,2022,3.405233
21137,2022,2.8654978
21140,2022,3.5863857
21142,2022,3.2242827
21143,2022,3.8180063
21144,2022,1.7849474
21146,2022,1.5434016
21148,2022,5.8986745
21149,2022,1.6591547
21150,2022,0.6369226
21151,2022,1.3461732
21153,2022,0.69491327
21154,2022,1.182035
21156,2022,1.0556376
21159,2022,1.1050225
21161,2022,1.5607715
21162,2022,1.3780334
21164,2022,4.09987
21165,2022,1.9027816
21166,2022,1.7791734
21168,2022,5.7622232
21169,2022,0.72877026
21170,2022,1.1877332
21171,2022,1.2031766
21172,2022,0.93005747
21175,2022,4.007879
21176,2022,2.1932766
21177,2022,1.1045129
21179,2022,3.2881296
21180,2022,3.157041
21182,2022,1.8929362
21184,2022,1.4377153
21185,2022,4.1853437
21187,2022,1.195986
21188,2022,3.8087983
21189,2022,1.6824788
21190,2022,0.732376
21196,2022,0.5556737
21201,2022,1.270807
21203,2022,3.4477215
21205,2022,1.3713977
21206,2022,0.9098269
21208,2022,1.6065376
21209,2022,0.5335252
21214,2022,0.50432014
21215,2022,0.912603
21216,2022,1.1563047
22002,2022,1.3747816
22010,2022,1.177784
22001,2022,0.9211201
22003,2022,0.81455445
22004,2022,0.33096766
22005,2022,0.7288426
22006,2022,0.7417693
22007,2022,0.6560056
22008,2022,0.9085374
22009,2022,0.922678
22011,2022,1.0956903
22012,2022,1.8901483
22013,2022,0.52574265
22014,2022,0.9048339
22015,2022,1.4583815
22016,2022,0.763574
22017,2022,0.8582875
22018,2022,0.50166285
23002,2022,0.5882261
23006,2022,0.47968805
23007,2022,0.44636023
23008,2022,0.23778796
23003,2022,1.2836651
23004,2022,1.3911939
23005,2022,1.318306
24003,2022,1.3712308
24009,2022,0.4470073
24013,2022,1.0140117
24029,2022,1.7218403
24036,2022,1.2671528
24037,2022,1.2562511
24039,2022,1.7830901
24041,2022,1.5316474
24054,2022,1.1741421
24055,2022,0.60550773
24057,2022,1.1742567
24058,2022,0.9843893
24001,2022,0.6440165
24002,2022,0.6855644
24004,2022,0.839804
24005,2022,0.9814237
24006,2022,0.2940967
24007,2022,0.23034966
24008,2022,0.718578
24010,2022,0.5011258
24011,2022,0.82131857
24012,2022,1.3910999
24014,2022,1.4107307
24015,2022,0.23916602
24016,2022,0.7514527
24017,2022,0.4120623
24018,2022,1.2284518
24019,2022,0.29506624
24020,2022,0.117055535
24021,2022,0.57614756
24022,2022,0.29512668
24023,2022,1.0461212
24024,2022,0.7510148
24025,2022,0.07572925
24026,2022,1.4961991
24027,2022,0.6909112
24028,2022,0.6274209
24030,2022,1.6958085
24031,2022,1.0887582
24032,2022,0.8542576
24033,2022,0.22236204
24034,2022,1.3628738
24035,2022,1.5953345
24038,2022,1.2253737
24040,2022,1.471905
24042,2022,1.3779782
24043,2022,1.1705631
24044,2022,0.78777087
24045,2022,0.37850833
24046,2022,0.47914147
24047,2022,0.7648202
24048,2022,0.039360166
24049,2022,0.24878931
24050,2022,0.9447562
24051,2022,0.539515
24052,2022,0.47045887
24053,2022,1.3349634
24056,2022,0.3169378
25005,2022,2.953136
25001,2022,1.5843153
25002,2022,1.1828377
25003,2022,2.7049775
25004,2022,1.9536245
25006,2022,0.63300633
25007,2022,3.3981247
25008,2022,0.83465934
25009,2022,2.729324
25010,2022,0.9325064
25011,2022,1.1679494
25012,2022,1.5359285
25013,2022,0.5220556
25014,2022,1.9964045
25015,2022,0.6600412
25016,2022,1.5657281
25017,2022,0.621204
25018,2022,1.2982814
26001,2022,1.6486894
26002,2022,1.676002
26003,2022,1.9911957
26004,2022,1.0733027
26005,2022,1.7014935
26006,2022,2.284196
26007,2022,0.7563205
26008,2022,1.2222766
26009,2022,2.5409346
26010,2022,1.8180339
26011,2022,2.1048799
26012,2022,1.9122655
26013,2022,2.283495
26014,2022,1.9653357
26015,2022,1.9558402
26016,2022,0.8088984
26017,2022,1.0907074
26018,2022,1.4669479
26019,2022,2.0331783
26020,2022,1.9019006
26021,2022,1.2097883
26022,2022,1.9722117
26023,2022,2.1179569
26024,2022,0.7471968
26025,2022,0.95039016
26026,2022,2.48869
26027,2022,1.991502
26028,2022,1.1049914
26029,2022,1.7784588
26030,2022,0.977432
26031,2022,1.1092862
26032,2022,1.7062477
26033,2022,1.5848405
26034,2022,2.4212449
26035,2022,2.9997268
26036,2022,1.6663257
26037,2022,2.031787
26038,2022,1.632437
26039,2022,1.9380764
26040,2022,1.1057403
26042,2022,0.9971237
26043,2022,1.1222072
26044,2022,2.2151034
26045,2022,2.250442
26046,2022,0.4870478
26047,2022,1.1868484
26048,2022,0.98357874
26049,2022,0.8648921
26050,2022,1.891452
26051,2022,2.664497
26052,2022,2.0124137
26053,2022,1.1124314
26054,2022,0.3037337
26055,2022,1.4284393
26056,2022,2.355897
26057,2022,1.1938727
26058,2022,1.1412554
26059,2022,3.3726225
26060,2022,2.4200742
26061,2022,0.92076755
26062,2022,0.5464796
26063,2022,0.6719649
26064,2022,1.2918729
26065,2022,1.9551889
26066,2022,2.7615023
26067,2022,1.1067764
26068,2022,1.5829437
26069,2022,1.158144
26070,2022,1.2605078
26071,2022,1.9109318
26072,2022,1.8767394
27003,2022,1.2356455
27004,2022,1.5871261
27005,2022,1.3727245
27006,2022,1.2931664
27009,2022,1.4771941
27011,2022,1.3065977
27012,2022,1.3316369
27013,2022,1.5723621
27015,2022,1.2186517
27001,2022,1.3323996
27002,2022,1.4026561
27007,2022,1.5377908
27008,2022,1.6037583
27010,2022,1.4299339
27014,2022,1.5465844
27016,2022,1.3569918
27017,2022,1.1696861
28004,2022,0.8050583
28006,2022,0.11571765
28026,2022,0.31620908
28029,2022,0.93034166
28031,2022,0.75622296
28001,2022,1.6869154
28002,2022,1.2774148
28003,2022,0.75321865
28005,2022,0.49448764
28007,2022,2.6486406
28008,2022,0.74065673
28010,2022,1.1161339
28011,2022,0.8744765
28012,2022,0.74145234
28013,2022,0.72209895
28014,2022,1.0197791
28015,2022,0.76542723
28016,2022,1.195542
28017,2022,0.9424196
28018,2022,0.7758634
28019,2022,0.82641155
28020,2022,0.6244625
28021,2022,0.8095997
28022,2022,1.3824381
28023,2022,0.9178782
28024,2022,0.87840277
28025,2022,1.104651
28027,2022,1.1557705
28028,2022,0.87417686
28030,2022,0.60872316
28032,2022,0.9036986
28033,2022,2.0443451
28034,2022,0.58037794
28035,2022,0.78558564
28036,2022,1.2650025
28037,2022,1.9068109
28039,2022,0.32660925
28040,2022,2.8556163
28041,2022,1.1968191
28042,2022,0.94878495
28043,2022,1.4847124
29016,2022,1.896905
29052,2022,3.9665494
29001,2022,0.8512181
29002,2022,1.2342284
29003,2022,3.8686695
29004,2022,0.9743964
29005,2022,4.1008663
29006,2022,3.6728725
29007,2022,1.0864959
29008,2022,2.6057627
29009,2022,3.576369
29010,2022,3.3527155
29011,2022,4.0824795
29012,2022,2.752371
29013,2022,2.9569254
29014,2022,4.487625
29015,2022,6.1703215
29017,2022,3.2617393
29018,2022,2.1208344
29019,2022,2.3559847
29020,2022,3.7301326
29021,2022,4.933894
29022,2022,3.7741795
29023,2022,3.2942328
29024,2022,3.9215295
29025,2022,1.9286693
29026,2022,2.880128
29027,2022,2.5252016
29028,2022,3.3890867
29029,2022,4.0357685
29030,2022,3.6440153
29031,2022,4.7841053
29032,2022,2.918664
29033,2022,1.423989
29034,2022,4.267091
29035,2022,2.9095762
29036,2022,1.1997843
29037,2022,2.3005726
29038,2022,4.531623
29039,2022,4.2648106
29040,2022,4.6391993
29041,2022,3.4447398
29043,2022,2.8569198
29044,2022,3.1715055
29045,2022,2.9425573
29046,2022,3.2165384
29047,2022,5.4517612
29049,2022,3.2235208
29050,2022,3.3465347
29051,2022,3.8647223
29053,2022,3.1598513
29054,2022,3.3300166
29055,2022,3.8257358
29056,2022,3.2239985
29057,2022,3.3156655
29058,2022,2.867104
29059,2022,5.0034685
30003,2022,1.654847
30007,2022,2.3711536
30008,2022,1.461547
30015,2022,1.7062044
30017,2022,1.60171
30019,2022,1.5340722
30020,2022,1.408351
30023,2022,1.196413
30024,2022,1.8815665
30025,2022,1.4364445
30027,2022,0.638728
30029,2022,1.2082672
30032,2022,1.2489717
30033,2022,1.3524244
30037,2022,0.9910356
30040,2022,2.2131476
30043,2022,3.006892
30044,2022,0.6376437
30047,2022,1.2027593
30048,2022,1.7275276
30049,2022,2.0514379
30050,2022,1.5962652
30051,2022,1.1773334
30054,2022,2.285159
30055,2022,0.9417671
30001,2022,2.1123981
30002,2022,1.3662632
30004,2022,2.3486629
30005,2022,1.3465031
30006,2022,2.6018276
30009,2022,2.0616708
30010,2022,1.1320999
30011,2022,1.8449262
30012,2022,1.6894063
30013,2022,1.5797932
30014,2022,0.48476577
30016,2022,2.5449529
30018,2022,2.1167824
30021,2022,0.6961554
30022,2022,2.1015618
30057,2022,1.1775558
30058,2022,1.225734
30061,2022,2.1634252
30063,2022,1.2333654
30065,2022,3.1336877
30066,2022,1.5045547
30069,2022,1.3093902
30070,2022,1.7804481
30071,2022,0.9409338
30073,2022,3.1877778
30075,2022,2.1624222
30076,2022,0.9757005
30077,2022,3.7804189
30078,2022,0.93280673
30080,2022,1.035007
30083,2022,0.78221726
30085,2022,1.2097198
30089,2022,2.1525183
30091,2022,2.7252665
30094,2022,5.1820164
30100,2022,2.3968182
30101,2022,1.4560009
30103,2022,0.9978713
30104,2022,1.7461449
30108,2022,2.275065
30026,2022,1.1376405
30028,2022,0.8797853
30031,2022,1.4241383
30034,2022,1.2369754
30035,2022,1.2299567
30036,2022,1.2795842
30038,2022,1.9068911
30039,2022,0.8544632
30041,2022,0.879609
30042,2022,1.402102
30045,2022,2.6867683
30046,2022,1.5080194
30109,2022,1.0485919
30110,2022,0.86552197
30111,2022,1.4311786
30117,2022,1.3559164
30122,2022,1.582478
30124,2022,1.7089314
30127,2022,1.807968
30129,2022,1.3998865
30130,2022,2.6190193
30132,2022,2.4001417
30141,2022,1.9138415
30142,2022,3.2022336
30143,2022,2.476101
30144,2022,2.62424
30147,2022,2.2539566
30148,2022,1.5661764
30149,2022,1.1854604
30150,2022,1.6888937
30151,2022,2.5072258
30152,2022,1.6484522
30154,2022,1.4543942
30155,2022,1.60238
30156,2022,1.1109824
30157,2022,1.2392265
30158,2022,1.3458029
30052,2022,2.0656896
30053,2022,2.5479085
30056,2022,1.3449059
30059,2022,1.3605039
30060,2022,2.473154
30062,2022,1.245631
30064,2022,2.061585
30067,2022,0.7557013
30068,2022,2.4169714
30072,2022,0.91952664
30074,2022,1.3754064
30159,2022,0.6798587
30160,2022,1.7512912
30161,2022,1.4540684
30166,2022,0.90659326
30168,2022,1.4407454
30169,2022,2.9813342
30170,2022,1.2507563
30171,2022,0.78703976
30172,2022,1.497329
30173,2022,1.4943788
30175,2022,1.7411537
30177,2022,0.9651136
30180,2022,2.0456328
30184,2022,1.0343155
30189,2022,2.0961308
30193,2022,2.0118742
30195,2022,1.1432333
30198,2022,1.5389614
30199,2022,1.5834297
30200,2022,1.4537966
30201,2022,1.2110333
30202,2022,1.0002315
30205,2022,1.3880373
30209,2022,1.6024132
30210,2022,1.8809063
30079,2022,1.2133994
30081,2022,1.237419
30082,2022,1.4645945
30084,2022,1.7975602
30086,2022,1.0589381
30087,2022,2.1874254
30088,2022,1.4253275
30090,2022,1.6119335
30092,2022,1.2018937
30093,2022,1.2340438
30095,2022,0.66803825
30096,2022,1.5294594
30097,2022,2.7856357
30099,2022,2.363276
30102,2022,1.5749838
30212,2022,2.1358008
30105,2022,2.2436156
30106,2022,1.6328667
30107,2022,2.5873187
30112,2022,1.0472858
30113,2022,0.65239716
30114,2022,1.3864498
30115,2022,3.304782
30116,2022,1.4843243
30118,2022,1.1873405
30119,2022,3.2173135
30120,2022,1.3919861
30121,2022,2.5606208
30123,2022,1.7233453
30125,2022,1.7912631
30126,2022,2.0336077
30128,2022,1.458271
30131,2022,1.3558624
30133,2022,1.9028802
30134,2022,2.4574177
30135,2022,1.1151986
30136,2022,0.8175576
30137,2022,1.108156
30139,2022,3.2038255
30140,2022,1.0472811
30145,2022,1.4840581
30146,2022,0.34471846
30153,2022,0.76008415
30162,2022,0.685117
30163,2022,1.2091129
30164,2022,0.9602419
30165,2022,1.5206327
30167,2022,1.2076033
30174,2022,3.3825655
30176,2022,2.06221
30178,2022,1.607886
30179,2022,1.5380133
30181,2022,2.4522052
30182,2022,0.85611385
30183,2022,1.4333417
30185,2022,1.5468067
30186,2022,1.1678734
30187,2022,1.343473
30188,2022,0.47513068
30190,2022,2.0381258
30191,2022,2.5521526
30192,2022,1.3240957
30194,2022,2.0883095
30196,2022,1.8322216
30197,2022,0.47009897
30203,2022,1.1009915
30204,2022,1.341065
30207,2022,2.8461003
30208,2022,1.9714619
30211,2022,1.3333386
31006,2022,1.317739
31008,2022,0.32847166
31012,2022,0.28715706
31017,2022,0.44817853
31018,2022,0.77597845
31019,2022,0.01970613
31021,2022,0.37013113
31029,2022,0.23925662
31030,2022,0.03998995
31031,2022,0.23530364
31032,2022,0.19540894
31033,2022,0.8944851
31040,2022,0.37946236
31042,2022,0.19483161
31043,2022,1.0714928
31046,2022,1.0182937
31048,2022,0.87362605
31052,2022,0.4084965
31055,2022,1.8305516
31058,2022,0.5473609
31069,2022,0.39439845
31073,2022,0.29010272
31076,2022,0.7918495
31080,2022,0.4857484
31081,2022,0.08951843
31001,2022,0.36655903
31002,2022,0.40779305
31003,2022,0.9156072
31004,2022,0.7504381
31005,2022,0.62866545
31007,2022,0.9151362
31009,2022,1.7921275
31013,2022,1.1031325
31015,2022,0.4731102
31016,2022,0.5784117
31020,2022,0.6326091
31023,2022,0.24852931
31025,2022,1.341845
31026,2022,0.60191715
31027,2022,1.0161628
31084,2022,0.47787452
31085,2022,0.12404144
31091,2022,0.33935332
31092,2022,0.3141271
31094,2022,0.5874505
31097,2022,0.34317362
31098,2022,0.87026244
31099,2022,0.09170318
31102,2022,0.13992369
31104,2022,0.27546704
31034,2022,0.36077416
31035,2022,0.035374284
31036,2022,0.8738552
31037,2022,0.79277825
31038,2022,0.89326245
31039,2022,0.60967934
31041,2022,0.36901748
31044,2022,0.667012
31045,2022,-0.17900407
31047,2022,1.5283351
31050,2022,0.6257036
31051,2022,0.73601997
31053,2022,0.92252403
31054,2022,1.057357
31056,2022,1.7653803
31057,2022,0.9690506
31059,2022,0.85807365
31062,2022,1.5571846
31063,2022,0.50741684
31066,2022,1.4956753
31067,2022,0.697852
31068,2022,0.5731188
31070,2022,0.9837463
31071,2022,0.20013773
31072,2022,0.639012
31074,2022,0.5476786
31077,2022,0.36010706
31078,2022,0.54020584
31079,2022,2.030239
31082,2022,0.6846101
31083,2022,1.0236135
31086,2022,0.19381309
31087,2022,0.64907384
31088,2022,0.13567257
31089,2022,1.3000683
31090,2022,0.37324464
31093,2022,0.472391
31095,2022,1.0567156
31096,2022,0.8342879
31100,2022,1.1324766
31101,2022,0.45810914
31103,2022,0.3456862
31105,2022,0.37417865
31106,2022,1.1245704
32003,2022,5.7356567
32004,2022,4.1722326
32011,2022,5.3250613
32015,2022,4.1444407
32041,2022,0.093583465
32058,2022,5.2587852
32001,2022,2.6562562
32002,2022,4.2592907
32005,2022,0.069683194
32006,2022,0.12351775
32007,2022,0.5570562
32008,2022,0.44734406
32009,2022,1.8109331
32010,2022,0.20183694
32012,2022,0.52968967
32013,2022,0.30686712
32014,2022,0.12222314
32016,2022,0.3540045
32017,2022,0.11106813
32018,2022,1.7300879
32019,2022,1.436195
32020,2022,0.6723565
32021,2022,1.9241252
32022,2022,0.09148502
32023,2022,2.1548495
32024,2022,0.7128484
32025,2022,0.5927254
32026,2022,0.08436942
32027,2022,0.45976377
32028,2022,2.2254095
32029,2022,0.47572148
32030,2022,3.8267589
32031,2022,4.1687384
32032,2022,-0.101531625
32033,2022,2.904683
32034,2022,5.311925
32035,2022,0.40826547
32036,2022,0.28438067
32037,2022,-0.0018974543
32038,2022,0.26619637
32039,2022,-0.0050395727
32040,2022,0.17938542
32042,2022,0.26882195
32043,2022,1.7931184
32044,2022,1.486377
32045,2022,4.335188
32046,2022,1.5809028
32047,2022,5.3664203
32048,2022,3.4582362
32049,2022,1.1214265
32050,2022,0.0019534826
32051,2022,-0.06107545
32052,2022,0.30925906
32053,2022,0.19124353
32054,2022,0.25870514
32055,2022,0.9244322
32056,2022,0.40245128
32057,2022,0.1453774
